1.0,3.6002593,8.537415
2.0,-3.1068103,1.5043117
3.0,9.363494,6.5238585
4.0,-3.699522,1.1813813
5.0,7.1870613,12.216963
6.0,-2.7801812,-3.1143851
7.0,8.293127,9.641968
8.0,-18.624031,-13.31886
9.0,19.338587,19.663797
10.0,-0.14963378,-0.066505544
11.0,0.16821453,-4.7252307
12.0,-8.470876,-8.966601
13.0,14.017961,15.5023365
14.0,-0.3653425,-0.3128742
15.0,-14.110083,-10.24309
16.0,-10.9654875,-11.792416
17.0,-6.1654387,-6.5063887
18.0,2.4828162,-1.385135
19.0,-15.960053,-12.830089
20.0,-15.725517,-12.522061
21.0,8.46704,9.66667
22.0,-8.738123,-9.158722
23.0,-17.048977,-19.161503
24.0,-6.413462,-6.7117233
25.0,7.446522,3.8731582
26.0,-9.562036,-15.077493
27.0,2.0609145,-1.8595076
28.0,3.857735,-4.67793
29.0,9.813273,6.836235
30.0,-6.605603,-11.32359
31.0,-6.246339,-6.4879546
32.0,-10.899768,-11.640703
33.0,8.540447,9.6773205
34.0,6.0301003,6.5672817
35.0,-3.9790018,-9.059793
36.0,-6.459206,-6.7474027
37.0,-15.887857,-16.384846
38.0,4.782891,9.749656
39.0,7.56878,12.631362
40.0,1.2326733,5.9277906
41.0,5.4196577,6.439832
42.0,15.650619,12.770387
43.0,-6.5813885,-0.8513206
44.0,-6.515084,-11.49581
45.0,13.833324,15.121878
46.0,-6.1823936,-6.646803
47.0,-13.159596,-14.112159
48.0,2.7062166,-1.6110874
49.0,1.2126983,5.8812346
50.0,-1.7113235,6.0551662
51.0,-3.3897367,-3.0371375
52.0,-10.384914,-5.254213
53.0,1.4778979,6.171965
54.0,15.606224,12.5301285
55.0,-3.425447,1.1600348
56.0,-0.28970307,-0.08748842
57.0,1.0977943,5.5128837
58.0,-17.92352,-15.656951
59.0,10.521925,11.929796
60.0,-1.5992513,2.9236004
61.0,13.886026,15.175488
62.0,11.904838,9.14209
63.0,-3.3936753,1.3935024
64.0,-9.498052,-17.487684
65.0,10.603353,11.950756
66.0,-12.232593,-8.275256
67.0,7.2758436,3.659295
68.0,-6.245231,-6.6470075
69.0,-6.6816173,-1.0617124
70.0,-15.556743,-17.912226
71.0,-6.4060154,-3.4589431
72.0,-0.29920053,-0.32214013
73.0,5.1139283,1.2588894
74.0,-12.08731,-7.7699285
75.0,-7.677687,-15.793617
76.0,-3.6619546,1.0816503
77.0,10.447983,11.888924
78.0,-5.960547,-6.336079
79.0,5.6043744,-1.3166949
80.0,6.0247746,6.6558404
81.0,8.518733,9.881794
82.0,0.72861415,-4.6272445
83.0,6.138651,6.781182
84.0,-13.979762,-9.854858
85.0,-4.2380614,-9.303827
86.0,10.60619,12.367442
87.0,-0.44107714,-0.68535334
88.0,-6.703068,-11.765205
89.0,-8.026329,-13.553909
90.0,3.1643355,3.5135102
91.0,-10.086877,-5.1431594
92.0,-1.5263004,3.0144224
93.0,8.236834,9.206457
94.0,-3.4451144,-3.6660805
95.0,1.1525906,5.8022285
96.0,7.2298627,12.394548
97.0,5.8194532,-1.0628203
98.0,-6.6529984,-6.595599
99.0,15.615265,12.541641
100.0,2.7790368,3.0454092
101.0,-6.6186094,-11.794681
102.0,-13.508253,-17.566637
103.0,-6.5461507,-6.6158776
104.0,-3.8665757,-9.157087
105.0,7.8546085,12.533503
106.0,-15.787993,-16.239998
107.0,-8.089663,-2.9709537
108.0,-3.3500848,-3.1756234
109.0,-11.144478,-11.848388
110.0,3.2851996,3.386879
111.0,15.593368,12.806219
112.0,-13.323253,-14.253262
113.0,3.0340803,2.9834018
114.0,-3.9554756,-9.430128
115.0,-6.5269823,-6.837538
116.0,1.3047405,5.8495827
117.0,19.031424,17.86451
118.0,-0.24429287,-0.1955416
119.0,15.562302,12.331097
120.0,-4.4616365,4.967684
121.0,-12.394817,-8.200664
122.0,-0.28132796,-0.44376928
123.0,7.1037555,3.7973504
124.0,-3.3702953,1.3425245
125.0,-14.019758,-9.954662
126.0,18.665522,10.645754
127.0,-2.0041254,-6.814675
128.0,-3.2700155,1.5620323
129.0,-6.101945,-6.5482874
130.0,6.0559244,6.7485604
131.0,-1.5300826,-6.598899
132.0,3.403282,3.3496745
133.0,-1.4248121,2.9145896
134.0,8.243879,9.351024
135.0,-6.113368,-6.5245795
136.0,-6.729393,4.192301
137.0,-8.582976,-8.724148
138.0,13.555139,10.367465
139.0,4.753797,9.629672
140.0,-0.18736029,-0.44129932
141.0,-14.609941,-17.583609
142.0,0.39501542,-4.677271
143.0,-3.932049,-8.804163
144.0,14.574027,8.104546
145.0,-6.2087545,-6.460851
146.0,-0.09401724,0.016210012
147.0,15.80985,12.723077
148.0,2.9992354,3.3533938
149.0,0.52450335,-8.696165
150.0,-3.0972857,-3.316487
151.0,-12.231941,-7.644503
152.0,-0.028902862,-4.821996
153.0,4.256875,9.612207
154.0,3.955394,8.996755
155.0,-1.9171053,2.907428
156.0,-8.778865,-9.0665865
157.0,2.3817077,-1.6398757
158.0,3.0574305,3.403206
159.0,-6.381268,-0.77059996
160.0,0.25069526,-4.513621
161.0,-0.89905596,9.173352
162.0,2.821241,3.2972462
163.0,2.7157006,-4.656727
164.0,1.8062562,-5.313511
165.0,-6.2589803,-0.6636521
166.0,-4.873179,-1.596565
167.0,2.3746858,-1.7621374
168.0,8.342413,9.83403
169.0,6.1852145,6.8617473
170.0,-8.885609,-9.327219
171.0,2.9866524,3.4070728
172.0,1.4230134,-9.970045
173.0,-8.418433,-3.0709772
174.0,-10.608867,-11.264474
175.0,2.5016825,-1.263353
176.0,-11.058423,-11.774986
177.0,8.340984,9.531753
178.0,-1.6572224,3.2014563
179.0,-4.04406,-9.218012
180.0,-18.10665,-15.656924
181.0,9.36774,6.5536656
182.0,13.350404,4.35159
183.0,-6.0384955,-6.370593
184.0,-3.1506898,-3.1636543
185.0,13.310226,10.092338
186.0,-15.698193,-12.502761
187.0,-6.278743,-6.4827776
188.0,-6.1945195,-6.4358454
189.0,2.6965175,3.0225754
190.0,-13.136401,-13.898829
191.0,-6.588926,-0.7038919
192.0,0.42197105,-4.4043193
193.0,-5.7608657,-6.049726
194.0,0.94536495,-4.046489
195.0,0.17925219,-0.14226532
196.0,1.2323216,5.971181
197.0,-3.1842172,-3.6136575
198.0,-0.26547557,-0.29474664
199.0,14.022182,15.33997
200.0,-8.3619585,-3.028971
201.0,-4.089609,-9.097489
202.0,15.582465,18.610994
203.0,-8.659621,-9.125735
204.0,3.2453032,3.4102426
205.0,7.5499797,3.7110007
206.0,9.91319,7.0214252
207.0,-10.402235,-5.2169433
208.0,-0.15167452,0.102103084
209.0,-1.6925559,2.8690586
210.0,12.213853,18.59391
211.0,-6.0249753,-6.2809477
212.0,-17.780914,-14.108657
213.0,-0.30549636,-0.2998733
214.0,-3.2222948,-3.449805
215.0,5.988953,6.5803485
216.0,2.8018656,2.9695544
217.0,9.651981,2.3949904
218.0,-0.31103516,-0.21974802
219.0,-6.9028635,-11.877239
220.0,2.9625952,3.3458624
221.0,3.1300797,3.4060347
222.0,-10.973896,-11.554969
223.0,-14.074748,-9.9561205
224.0,-6.0620666,-6.3394723
225.0,-8.55506,1.0473549
226.0,-12.022507,-7.536429
227.0,-13.027445,-13.791343
228.0,-8.442194,-13.62459
229.0,2.7021067,3.0345607
230.0,-6.276759,-6.4186406
231.0,-1.5784862,3.041088
232.0,5.1853547,1.4225459
233.0,-12.770557,-5.5495105
234.0,-8.6224,-2.8657918
235.0,7.2824397,12.447365
236.0,-0.25153056,-0.5426919
237.0,2.8264556,2.984322
238.0,8.44627,9.666626
239.0,-12.435139,-3.9185472
240.0,1.2007046,5.823631
241.0,13.700212,10.612285
242.0,-6.1766214,-6.6427927
243.0,-5.9797873,-6.332658
244.0,10.446767,11.869516
245.0,10.704448,12.337172
246.0,-0.03653808,-0.35195494
247.0,6.1979723,6.632371
248.0,-6.2754645,-0.50012165
249.0,1.387652,5.944846
250.0,-1.808084,2.8085542
251.0,-0.3421455,-0.41203123
252.0,15.842464,12.765307
253.0,10.323401,11.767409
254.0,6.275451,-2.96286
255.0,-0.20687768,-0.22300483
256.0,-0.0154544655,0.077858955
257.0,-3.2307312,-3.317406
258.0,-6.7083263,-11.699015
259.0,-1.4062952,-6.4520874
260.0,6.3572636,6.7864227
261.0,-1.4377835,3.0750177
262.0,-8.621847,-3.199709
263.0,7.4792237,3.8788936
264.0,-8.95595,-9.334512
265.0,15.113878,19.584003
266.0,10.69568,16.324696
267.0,4.6216793,-2.4779806
268.0,-0.015927894,-0.03753174
269.0,-4.084771,-9.280335
270.0,9.598356,6.577847
271.0,2.548835,-1.462752
272.0,2.5755205,-1.3559623
273.0,15.67333,12.777828
274.0,13.365621,2.9658744
275.0,-6.4047165,-3.4565532
276.0,0.55067366,-4.2599826
277.0,-0.049253494,0.038027436
278.0,3.912926,8.9598675
279.0,13.491499,10.172963
280.0,13.287942,10.081636
281.0,-0.13995503,-0.18825215
282.0,-3.1730366,-3.2632198
283.0,13.009327,17.171846
284.0,-8.6270275,-9.111187
285.0,13.2606125,9.9689045
286.0,13.866481,15.418251
287.0,7.472367,3.8831675
288.0,2.8647501,2.9748528
289.0,-3.145407,-3.433721
290.0,13.442043,15.018099
291.0,-1.1278888,3.2907622
292.0,0.056814846,-4.6212416
293.0,8.207569,9.354287
294.0,10.339952,11.933202
295.0,-10.66049,-17.538553
296.0,-2.9773865,-3.060175
297.0,9.678361,2.3903172
298.0,17.470871,14.727325
299.0,-8.547053,-8.926653
300.0,13.908736,15.196347
301.0,-1.6711947,3.036815
302.0,10.054641,6.822755
303.0,14.00591,19.497112
304.0,-8.565515,-9.143465
305.0,7.347426,3.7596583
306.0,2.5176218,-1.5596112
307.0,-8.388283,-13.560695
308.0,-11.235096,-1.5650295
309.0,3.057664,3.2907026
310.0,-1.6296693,2.914112
311.0,-3.0393264,-3.1116424
312.0,8.148933,0.36050874
313.0,7.6019497,12.810852
314.0,-8.659495,-13.666417
315.0,0.39263815,-4.2835717
316.0,2.8737757,3.1646893
317.0,13.405201,14.92103
318.0,-3.1248496,-3.3969498
319.0,13.33647,9.950316
320.0,0.5614008,11.1274605
321.0,-8.5099535,-8.9451685
322.0,-16.021088,-16.283056
323.0,7.5071473,3.8179872
324.0,5.053625,1.2510355
325.0,-11.098153,-11.700347
326.0,-8.581666,-9.001524
327.0,-8.36296,-5.526504
328.0,-0.07961802,0.104639165
329.0,2.9367177,3.0699947
330.0,-16.231716,-13.116084
331.0,-1.4470235,3.079009
332.0,7.3047857,3.717015
333.0,-3.1125202,-2.8122344
334.0,-3.1145856,-3.0935621
335.0,-3.058031,-3.3913646
336.0,2.8474596,-1.0591567
337.0,-3.399776,-3.3757784
338.0,-0.036022395,-0.011875624
339.0,0.3904327,-4.835078
340.0,2.845389,3.2703574
341.0,6.135274,6.901357
342.0,8.248789,0.6906783
343.0,-6.5851707,-0.8048046
344.0,-11.013915,-11.498422
345.0,2.6320133,-1.410428
346.0,10.780723,12.2092285
347.0,15.930664,9.807098
348.0,4.096648,8.838255
349.0,0.13894337,-0.027651248
350.0,3.0741868,3.3821805
351.0,7.4971538,12.146601
352.0,11.6398115,5.405499
353.0,-2.772226,5.7120996
354.0,-6.4248743,-11.480762
355.0,8.458998,9.697404
356.0,-16.017605,-12.52439
357.0,-11.181839,-11.792664
358.0,3.098791,11.727691
359.0,1.1218874,5.7165956
360.0,-0.06754755,-0.25470692
361.0,6.144278,6.8911853
362.0,13.346425,14.847119
363.0,0.96461195,5.9634767
364.0,6.022004,6.7988167
365.0,2.6145725,-1.6709872
366.0,11.85974,8.720164
367.0,-12.355506,-7.91189
368.0,3.579658,8.705637
369.0,13.58274,15.097233
370.0,6.012268,7.136299
371.0,-4.7469163,-1.578896
372.0,2.8759573,3.0798697
373.0,11.958333,8.956675
374.0,11.8167515,8.700281
375.0,17.858887,14.928866
376.0,5.4524198,-1.2385961
377.0,-1.7143295,2.9132812
378.0,-1.8466594,-6.8220067
379.0,-0.883755,6.7769756
380.0,-13.233794,-13.944392
381.0,4.867407,0.97233593
382.0,9.371284,15.86382
383.0,-12.129279,-7.6719117
384.0,-11.714875,-15.507615
385.0,8.464497,10.049524
386.0,0.44707182,-4.5796156
387.0,-6.1371117,-6.449148
388.0,-1.8310632,-6.7865443
389.0,0.22715206,-4.6197042
390.0,-3.2827077,-3.5300255
391.0,-0.4190048,-0.42135826
392.0,8.461025,9.663809
393.0,-1.8573512,2.8412046
394.0,-0.002169696,-0.13970654
395.0,11.910724,8.836933
396.0,-12.369934,-7.962504
397.0,2.8170261,3.064599
398.0,-6.074757,-6.415225
399.0,3.8632236,8.777731
400.0,-13.112492,-13.588419
401.0,6.8989697,14.482758
402.0,9.52717,6.7225995
403.0,4.0632105,9.171405
404.0,-5.836117,-6.0688906
405.0,-2.4542775,7.4905705
406.0,5.3691926,1.0978305
407.0,1.5137609,6.1149454
408.0,9.363107,6.5766535
409.0,-14.233972,-18.573418
410.0,-6.7649584,-1.0188156
411.0,12.405761,9.286862
412.0,-3.3313618,1.3604674
413.0,-1.7774636,2.851026
414.0,-4.794714,-1.5827142
415.0,6.1678243,6.740734
416.0,-13.35092,-13.758576
417.0,-3.9084973,-8.707623
418.0,-1.690407,-6.261679
419.0,0.15909168,-0.08816589
420.0,2.8927014,-1.1862673
421.0,-16.688564,-18.162704
422.0,7.261589,3.7186596
423.0,12.4431505,9.327826
424.0,-1.7847345,-10.392067
425.0,1.171734,5.9873285
426.0,5.6906147,-3.9775264
427.0,4.825206,0.98910964
428.0,12.796169,9.61196
429.0,12.303574,9.385357
430.0,-12.024907,-7.7762566
431.0,-12.8953285,-13.713623
432.0,7.4647956,12.4386635
433.0,18.911255,16.553745
434.0,-3.1334395,-3.4696717
435.0,4.8160768,5.31976
436.0,9.315725,6.6520734
437.0,-10.749898,-11.406219
438.0,-6.771996,-11.569609
439.0,-4.297616,-1.3238826
440.0,-6.4963956,-0.6262216
441.0,5.700011,-0.9898205
442.0,0.43299168,-4.305677
443.0,-2.769582,5.7127376
444.0,10.662835,12.1271105
445.0,-4.7687654,-1.7854481
446.0,15.534481,12.28787
447.0,7.362186,3.7856803
448.0,-6.521118,-11.476413
449.0,15.766122,12.679097
450.0,12.264772,9.296169
451.0,-4.7136946,-1.475481
452.0,2.6885548,3.1968963
453.0,17.393084,14.682555
454.0,3.1438644,3.0658417
455.0,-3.6195824,1.2057731
456.0,-9.498046,-17.490404
457.0,-12.012557,-7.682319
458.0,-9.089539,-9.321277
459.0,8.400031,9.624335
460.0,13.602266,15.08783
461.0,6.4508905,6.891925
462.0,-0.0870068,-0.23569019
463.0,7.8553486,12.784909
464.0,13.666302,15.202179
465.0,-6.28106,-11.275283
466.0,-13.1485405,-13.635514
467.0,13.2980995,14.73829
468.0,17.268587,19.684813
469.0,7.219491,3.6956835
470.0,4.463827,0.8791979
471.0,-8.129452,-2.912525
472.0,-1.804793,-6.7425427
473.0,12.50253,9.534861
474.0,-6.0824127,-6.20803
475.0,-8.634515,-9.128472
476.0,12.728201,9.754671
477.0,0.58014417,-4.241941
478.0,-13.305247,-13.812789
479.0,8.386667,9.428297
480.0,12.670234,19.649689
481.0,-5.826824,-5.9264226
482.0,12.307813,9.345676
483.0,-10.08113,-5.1020136
484.0,-6.073014,-6.1798577
485.0,15.518092,12.581664
486.0,-9.992274,-4.8091445
487.0,6.0410905,7.013867
488.0,-11.126713,-11.681481
489.0,12.265916,8.941674
490.0,5.9349136,6.562406
491.0,6.023181,6.6361794
492.0,-0.11589534,-0.29486227
493.0,-3.358796,1.3136394
494.0,0.03416137,0.09431977
495.0,-15.744793,-16.028065
496.0,-3.1305468,-3.1376941
497.0,-15.840839,-12.606808
498.0,-3.801962,-8.9273405
499.0,13.313002,15.043161
500.0,3.1586537,3.5016491
501.0,-3.4939704,-3.5107903
502.0,7.183743,3.4983072
503.0,10.45116,11.972419
504.0,0.46404797,-4.375983
505.0,-3.184184,-3.246709
506.0,12.216625,9.218855
507.0,5.8113265,6.5976486
508.0,-8.475935,-9.088097
509.0,-2.0133471,2.6928258
510.0,4.622053,-2.4752865
511.0,-12.026785,-7.6062326
512.0,-1.5639894,-6.5034623
513.0,10.391634,12.014432
514.0,15.550291,12.54459
515.0,2.1168382,-1.58457
516.0,9.810719,6.634543
517.0,-12.235491,-7.9983993
518.0,-8.661775,-3.2425644
519.0,12.954684,14.547026
520.0,12.422527,9.551982
521.0,13.716656,6.3633366
522.0,4.9148135,0.9645768
523.0,-1.6534545,-7.091782
524.0,12.304659,9.33792
525.0,7.354139,3.6537373
526.0,13.363471,2.9642065
527.0,-5.8571286,-6.0388985
528.0,-6.0768127,-6.275634
529.0,9.294363,14.685811
530.0,12.615174,9.643157
531.0,-5.1059923,4.0325317
532.0,5.950278,-0.7635207
533.0,-5.40767,-13.152035
534.0,-13.503196,-14.11866
535.0,-9.827441,-15.105197
536.0,-8.69241,-9.212061
537.0,-8.513376,-9.017906
538.0,-6.291889,-6.461862
539.0,-10.120479,-5.2026725
540.0,2.5575414,-1.6643391
541.0,-8.166349,-13.344748
542.0,-6.0684934,-6.277444
543.0,3.0015628,3.3292007
544.0,-4.7218504,-1.544312
545.0,-5.108556,4.031622
546.0,12.261345,9.282149
547.0,-8.4853945,-13.682713
548.0,-3.6724164,1.2130144
549.0,-6.311895,-6.4566083
550.0,-3.8513875,-8.929263
551.0,17.74431,14.923866
552.0,-0.08793134,-0.54276145
553.0,0.2870266,-4.6131816
554.0,-13.390009,-16.424627
555.0,-0.14963292,-0.35341212
556.0,1.2712137,5.892076
557.0,-3.18171,-3.2415183
558.0,-13.145773,-13.795357
559.0,-14.135366,-9.978199
560.0,12.33822,9.503761
561.0,6.0726533,6.700335
562.0,-6.0934253,-6.2606044
563.0,-3.698876,-3.4295266
564.0,2.5329235,-1.249723
565.0,-0.529016,-9.935764
566.0,-6.131282,-6.5633845
567.0,4.0306864,9.080854
568.0,-6.051559,-6.260901
569.0,13.568522,15.072047
570.0,11.01122,12.128607
571.0,2.4474576,-1.3548911
572.0,4.061696,8.920448
573.0,9.899202,6.905935
574.0,3.887736,8.523124
575.0,17.88543,15.108741
576.0,-2.5583186,-11.480133
577.0,5.9962554,6.8098536
578.0,-3.1037471,-3.338062
579.0,-11.021257,-11.616389
580.0,-3.4956827,-3.3726034
581.0,10.680575,18.26924
582.0,13.550242,14.815309
583.0,-8.641004,-9.019608
584.0,3.1673872,3.40943
585.0,-6.1930485,-6.558007
586.0,18.908646,16.552982
587.0,10.3702,2.5448701
588.0,-3.4017174,-3.344313
589.0,9.849662,6.811376
590.0,4.838822,1.1376703
591.0,-13.35924,-14.047941
592.0,6.2577014,7.0180383
593.0,16.53723,17.082441
594.0,-14.294638,-10.391783
595.0,1.4774908,6.376182
596.0,-13.343231,-14.155294
597.0,-9.95053,-4.899665
598.0,13.150156,15.062226
599.0,1.3133159,6.2105947
600.0,7.5863824,3.936167
601.0,6.2796474,7.060522
602.0,13.23144,14.601738
603.0,7.2451997,3.6690855
604.0,-3.380523,1.4609191
605.0,0.52346134,-4.4855967
606.0,-6.028473,-6.2678733
607.0,9.951989,6.9463086
608.0,-3.642691,-3.6077523
609.0,6.102321,6.634891
610.0,1.2932305,6.1380315
611.0,6.181236,7.154371
612.0,-3.052151,-3.403595
613.0,14.67099,6.98605
614.0,-3.757319,1.3518404
615.0,-3.3723042,-3.6518757
616.0,0.052905675,0.14192247
617.0,9.489221,6.739688
618.0,9.831442,14.725886
619.0,-8.296758,-8.928795
620.0,2.5799978,-1.3553241
621.0,5.9868746,6.636067
622.0,11.752187,4.302163
623.0,-3.3589473,1.4322597
624.0,2.9173295,3.2477605
625.0,10.281364,11.990375
626.0,17.589005,14.99154
627.0,-16.163183,-16.380642
628.0,-6.3463707,-0.6235784
629.0,-11.677838,-15.488967
630.0,4.759988,1.0531547
631.0,10.0368,6.6931624
632.0,4.9358625,1.1111268
633.0,-17.396784,-15.315354
634.0,10.156636,7.1106877
635.0,-3.0825717,1.5378028
636.0,-13.179665,-14.03678
637.0,4.74749,0.83011585
638.0,6.099691,6.76552
639.0,9.857205,6.9523554
640.0,-14.08345,-5.966558
641.0,10.276804,4.458998
642.0,10.8997345,12.162319
643.0,-13.1710825,-13.689626
644.0,-1.8117796,3.0953074
645.0,2.7347078,3.1407144
646.0,3.2712083,-3.1044722
647.0,16.88598,17.477922
648.0,-8.4411955,-3.4338686
649.0,-16.012476,-12.745315
650.0,-10.9379,-11.904446
651.0,-10.161005,-5.0056334
652.0,1.2361826,6.0766964
653.0,-10.884394,-11.498768
654.0,2.8004005,-7.113442
655.0,-11.925467,-7.668355
656.0,-3.917721,-8.978703
657.0,4.564987,0.7475359
658.0,-10.713772,-11.626333
659.0,3.7640424,8.664054
660.0,-2.9934602,-3.1346848
661.0,-3.5976582,-3.5515423
662.0,4.598991,0.9332737
663.0,-3.4898067,-3.4860034
664.0,12.8069725,5.7053094
665.0,12.325649,9.271867
666.0,-10.4027195,-5.3130045
667.0,8.26187,9.405701
668.0,-6.4999447,-0.7004964
669.0,-15.791074,-8.322121
670.0,-6.619718,-11.421343
671.0,-8.614704,-9.094174
672.0,-2.929875,-3.160508
673.0,13.312261,15.016108
674.0,5.654067,-1.0036037
675.0,-13.71573,-10.00558
676.0,15.617692,8.049959
677.0,-1.6019825,-6.698689
678.0,9.913234,7.3915915
679.0,4.902323,1.1935142
680.0,9.821368,6.860923
681.0,13.00663,17.171492
682.0,-5.8448834,-6.0191455
683.0,1.0742173,5.764438
684.0,-6.389178,-11.102859
685.0,6.044229,6.5781975
686.0,4.549772,0.7506343
687.0,-1.6248611,-6.4133415
688.0,0.31631622,0.040090933
689.0,-10.419217,-16.205475
690.0,-6.0471396,-6.270112
691.0,-1.8312237,2.6686156
692.0,3.6658955,8.450097
693.0,-8.487278,-8.782716
694.0,-8.723316,-8.968322
695.0,8.495505,9.623071
696.0,2.9067695,3.1664345
697.0,4.3178334,0.37428293
698.0,4.088306,9.10719
699.0,1.6014519,6.2640057
700.0,4.510027,0.6262691
701.0,-8.282046,-2.6354005
702.0,7.196757,3.7972853
703.0,-3.3371592,1.3121113
704.0,-12.22093,-7.8727584
705.0,2.7032506,3.0511742
706.0,20.508938,16.899769
707.0,-3.6313646,1.2374663
708.0,10.660434,11.893397
709.0,-15.808142,-12.654708
710.0,3.0701098,3.4087665
711.0,-1.6735556,-6.5388536
712.0,2.7129624,-1.2971144
713.0,-8.906618,-9.332547
714.0,8.259817,0.6974772
715.0,8.666525,9.810426
716.0,-3.9615812,-9.234006
717.0,4.5228887,9.375562
718.0,10.590053,12.198772
719.0,-19.765787,-17.382093
720.0,7.594298,12.613261
721.0,16.667496,17.194681
722.0,-18.288284,-19.197815
723.0,11.637168,5.404859
724.0,-6.299979,-6.4765854
725.0,15.449076,12.654577
726.0,-8.28573,-2.9070375
727.0,-1.7067097,2.9224207
728.0,4.008715,9.060864
729.0,8.38922,9.693148
730.0,3.4627705,13.190463
731.0,2.5607557,-1.3411033
732.0,-8.67792,-9.034781
733.0,-1.5564371,3.0524406
734.0,15.456337,12.309512
735.0,7.0530815,3.5137696
736.0,-10.878569,-11.463666
737.0,17.271193,19.685587
738.0,8.262472,0.7385466
739.0,5.852537,6.543673
740.0,10.216381,0.41288313
741.0,13.322756,14.8726845
742.0,15.576809,12.556787
743.0,-3.3269641,-3.5320916
744.0,4.4790616,0.6767172
745.0,6.389253,6.758611
746.0,13.195231,14.696539
747.0,-6.4757385,-11.472954
748.0,-8.3346615,-8.7975025
749.0,-1.882901,2.8740306
750.0,-1.9190747,-6.987252
751.0,-3.3012424,-3.2454484
752.0,-3.279808,-3.456277
753.0,1.1755444,5.8512635
754.0,7.5099726,3.9301853
755.0,3.209313,3.539276
756.0,-3.1553047,-3.211101
757.0,0.53194815,9.743589
758.0,9.794687,6.7545695
759.0,15.7015505,12.94374
760.0,-12.267613,-2.3112469
761.0,-8.313887,-8.929035
762.0,5.8309436,6.5027146
763.0,0.10315451,-4.6603346
764.0,4.2492704,9.228104
765.0,-3.355373,1.3458295
766.0,4.479857,9.346219
767.0,11.645721,2.6874554
768.0,8.299223,9.474701
769.0,9.837587,6.695002
770.0,0.2543838,0.0038048765
771.0,8.451721,9.696658
772.0,-8.470685,-2.898273
773.0,-2.9634852,1.4189444
774.0,7.612454,4.1905317
775.0,-6.0058618,-6.315663
776.0,8.4534445,9.313519
777.0,4.50189,9.585886
778.0,-0.25424045,-0.04482908
779.0,0.37554732,-4.277323
780.0,16.710884,17.44456
781.0,7.2928104,3.7644777
782.0,-8.146729,-3.1854908
783.0,-8.648508,-3.0414984
784.0,-8.272545,-13.521331
785.0,15.876307,20.344664
786.0,5.9166837,-0.7770398
787.0,10.326141,11.885372
788.0,7.555238,4.12168
789.0,2.824783,-1.2658443
790.0,12.6728735,9.748252
791.0,-16.067991,-12.918701
792.0,-1.4737362,2.9486017
793.0,17.977856,18.738373
794.0,2.9131014,3.2284696
795.0,7.704699,12.939466
796.0,4.608056,1.2320098
797.0,14.344048,18.155201
798.0,-8.560442,-3.2760808
799.0,-1.7069098,-6.7217197
800.0,6.331768,6.5782714
801.0,17.757732,15.227723
802.0,-1.4701464,3.1519113
803.0,-3.1080925,-3.5283663
804.0,4.555512,0.7799572
805.0,-1.9277682,2.431216
806.0,-1.9186085,-7.0282907
807.0,-13.25627,-13.785174
808.0,10.884504,16.452242
809.0,2.7108445,3.0620627
810.0,4.786596,9.337667
811.0,-4.077917,-9.15663
812.0,-17.801622,-15.423001
813.0,0.24086894,-0.017820807
814.0,6.1848283,7.0282474
815.0,4.612222,0.8112662
816.0,-5.7925553,-6.073868
817.0,2.6252818,2.9338775
818.0,-6.5156865,-11.73248
819.0,4.5850797,9.618425
820.0,-8.425311,-8.973586
821.0,-6.0161977,-6.292618
822.0,17.942776,15.398635
823.0,0.18611535,-0.121684
824.0,-1.963866,2.9227848
825.0,4.4481807,0.5876845
826.0,-17.271149,-11.774736
827.0,-0.4112009,-0.40180016
828.0,8.560253,9.5935
829.0,2.5815046,2.8622148
830.0,-8.608314,-9.227472
831.0,2.9501276,3.2771106
832.0,7.2861886,3.7877305
833.0,-7.366257,-5.23668
834.0,-12.232239,-7.8983307
835.0,7.4998183,3.9722106
836.0,1.3095465,5.954656
837.0,-11.073212,-11.759077
838.0,-14.312886,-10.358122
839.0,4.4912715,0.6246222
840.0,2.8275871,2.9339194
841.0,-16.179113,-12.997986
842.0,-10.100609,-5.1392317
843.0,-8.541042,-9.231617
844.0,-15.800885,-16.10685
845.0,15.578776,12.493245
846.0,-5.768008,-6.13954
847.0,13.240373,14.538344
848.0,-10.436785,-5.2709756
849.0,-8.478124,-2.8551903
850.0,6.1048865,-0.62357813
851.0,-3.5096378,-3.723466
852.0,6.0412393,6.9246454
853.0,-13.186011,-13.867202
854.0,-6.194554,-0.32116017
855.0,16.380226,10.757645
856.0,7.4135337,12.392281
857.0,2.8873138,3.2305224
858.0,-16.026272,-16.332067
859.0,-14.122727,-10.415669
860.0,-10.714841,-11.325978
861.0,9.373788,15.864881
862.0,8.594007,9.508603
863.0,-0.39721152,-0.15981688
864.0,7.5253735,12.813439
865.0,7.8916826,13.1019945
866.0,0.09210383,-0.07464344
867.0,1.4947639,6.514062
868.0,12.140074,9.090384
869.0,-16.190613,-16.529726
870.0,1.3865135,6.1857963
871.0,14.648705,5.283277
872.0,-3.1935117,-3.5549536
873.0,-8.437492,-8.796246
874.0,1.1210848,6.0424685
875.0,7.681173,4.0760417
876.0,13.309118,14.6925
877.0,-8.255935,-2.726407
878.0,12.145841,9.1986
879.0,4.4478335,9.33405
880.0,-1.5990152,2.9108462
881.0,19.073984,18.533508
882.0,8.555316,9.786558
883.0,8.4751005,9.688892
884.0,1.0482596,5.5762935
885.0,-13.277466,-13.921173
886.0,2.4547107,2.9935048
887.0,-13.189613,-13.539055
888.0,7.558417,12.740372
889.0,-5.869402,-6.421999
890.0,-8.652168,-9.438767
891.0,3.056221,3.3741379
892.0,-6.4762278,-11.477854
893.0,11.261072,16.80153
894.0,3.2258089,3.4408464
895.0,-5.311127,-14.226018
896.0,-2.9156885,-3.0150974
897.0,-1.7827306,2.8444095
898.0,-13.777043,-9.856875
899.0,-19.41257,-16.287935
900.0,5.7743163,6.6401105
901.0,2.79767,3.140329
902.0,-6.141365,-6.576236
903.0,-10.220293,-5.023611
904.0,-6.60302,-0.7076887
905.0,0.09409126,0.068395175
906.0,4.514736,0.62794745
907.0,10.120841,7.318797
908.0,4.6995974,9.669658
909.0,-0.13705581,-0.104336
910.0,4.6485467,0.67066765
911.0,4.5884333,9.8593025
912.0,2.3732774,-1.4062252
913.0,-1.5541748,3.0267615
914.0,-1.8027711,-6.5123553
915.0,13.351131,14.877253
916.0,7.452307,12.563234
917.0,-12.265002,-8.138845
918.0,13.302645,14.776012
919.0,0.002403545,0.0130292345
920.0,-10.338293,-5.3447056
921.0,2.5226724,2.8831563
922.0,7.507489,4.0310373
923.0,-0.058303688,-0.05561034
924.0,9.303507,14.690812
925.0,10.17379,7.1548667
926.0,7.9460187,4.1469846
927.0,-6.0613947,-6.26948
928.0,-3.1883533,-3.2348218
929.0,-5.778859,-6.2045646
930.0,-13.585867,-13.9889345
931.0,0.07453206,0.25071958
932.0,13.475133,14.940536
933.0,-3.1955428,-3.09086
934.0,10.765273,12.59426
935.0,-14.216301,-19.595568
936.0,8.415606,9.580251
937.0,-5.69028,-5.898853
938.0,8.769017,9.823972
939.0,-11.23333,-1.5629603
940.0,-8.659654,-9.112353
941.0,-1.0222986,10.181183
942.0,-8.507779,-9.153795
943.0,-1.5870198,-6.5612755
944.0,-3.5039105,7.1122565
945.0,-11.151201,-11.804542
946.0,8.087955,0.019180216
947.0,9.902497,6.6656117
948.0,2.7563024,3.0433452
949.0,-8.673951,-9.2323065
950.0,-2.9066212,-3.3229504
951.0,-6.3921227,-0.55609417
952.0,4.5639095,9.239723
953.0,-3.6157577,-3.4896183
954.0,2.8050241,2.9322453
955.0,-3.977209,-9.076639
956.0,-11.010167,-11.514739
957.0,13.1986885,14.641991
958.0,-11.13284,-15.214139
959.0,5.8575683,6.9511876
960.0,7.5064235,3.9913366
961.0,12.47738,9.394406
962.0,-8.522552,-9.11559
963.0,1.2800461,5.9705434
964.0,-3.358457,-3.4179046
965.0,-12.8904085,-13.725215
966.0,-8.529388,-13.655791
967.0,-0.28142917,-0.11194784
968.0,1.4925905,10.070959
969.0,-10.943269,-11.292768
970.0,-1.268458,3.2624183
971.0,-11.086336,-11.781621
972.0,-2.7586083,-3.3256662
973.0,-6.386382,-11.208559
974.0,-1.5393986,3.0638728
975.0,-11.403561,-11.99299
976.0,8.132355,0.69785076
977.0,-5.8565693,-6.166709
978.0,2.7260387,3.1642165
979.0,-5.772405,-5.864193
980.0,-3.289328,-3.499757
981.0,2.6989734,3.1146097
982.0,13.353874,15.071682
983.0,4.243234,0.63138914
984.0,-1.8297744,2.7242157
985.0,2.7948906,-8.166442
986.0,-8.689197,-9.228698
987.0,6.158711,7.049036
988.0,-13.357362,-13.836793
989.0,-1.6471926,-6.759222
990.0,0.22391945,0.29549745
991.0,0.29329222,0.006000068
992.0,-12.186671,-8.106161
993.0,-1.717185,3.2081015
994.0,-0.045085307,0.124168396
995.0,6.085275,6.890135
996.0,-5.9259534,-6.139182
997.0,9.665969,6.642257
998.0,8.347827,9.478393
999.0,10.685647,11.890365
1000.0,-0.17201531,-0.37966913
